"Carimbo de data/hora","Ao clicar na opção abaixo, você confirma que leu as informações acima e concorda em participar voluntariamente desta pesquisa, autorizando o uso de suas respostas anônimas para os fins acadêmicos descritos.","Qual é a sua área de atuação principal?","Qual é o seu tempo de experiência profissional na área de Tecnologia (Desenvolvimento, Operações ou Segurança)? ","Qual é o papel das APIs RESTful no ecossistema de desenvolvimento da sua empresa/equipe atual? ","Como você descreveria a maturidade da cultura DevSecOps (integração de segurança no CI/CD) na sua rotina profissional? ","Em sua organização, qual é o nível de maturidade da Automação de Testes de Segurança no Pipeline de CI/CD?","Quais tipos de testes de segurança automatizados vocês utilizam para APIs RESTful? (Selecione todos que se aplicam)","Com que frequência você realiza testes de segurança antes do deploy?","Qual o seu nível de familiaridade e aplicação do Projeto OWASP API Security Top 10 (2023) nas suas atividades?","Na sua experiência, com que frequência ocorre as seguintes vulnerabilidades de segurança em suas APIs? (1 - Nunca Ocorre; 5 - Ocorre Constantemente) [Acesso Indevido: Um usuário consegue acessar dados de outro usuário mudando o ID na URL.]","Na sua experiência, com que frequência ocorre as seguintes vulnerabilidades de segurança em suas APIs? (1 - Nunca Ocorre; 5 - Ocorre Constantemente) [Falhas de Login: Problemas em tokens (JWT), senhas fracas ou falta de expiração de sessão (Auth).]","Na sua experiência, com que frequência ocorre as seguintes vulnerabilidades de segurança em suas APIs? (1 - Nunca Ocorre; 5 - Ocorre Constantemente) [Exposição de Dados: A API retorna mais informações do que o necessário no JSON.]","Na sua experiência, com que frequência ocorre as seguintes vulnerabilidades de segurança em suas APIs? (1 - Nunca Ocorre; 5 - Ocorre Constantemente) [Falta de Limites: A API fica lenta ou cai por excesso de requisições ou falta de Rate Limit.]","Na sua experiência, com que frequência ocorre as seguintes vulnerabilidades de segurança em suas APIs? (1 - Nunca Ocorre; 5 - Ocorre Constantemente) [Acesso Administrativo: Um usuário comum consegue acessar funções de administrador.]","Na sua experiência, com que frequência ocorre as seguintes vulnerabilidades de segurança em suas APIs? (1 - Nunca Ocorre; 5 - Ocorre Constantemente) [Injeção/SSRF: A API aceita comandos maliciosos ou faz requisições internas indevidas.]","Na sua visão, quais são os principais desafios ao tentar implementar a automação de testes de segurança em APIs RESTful na sua organização? (Selecione até 3 opções)","Como você avalia a importância de ter relatórios de vulnerabilidades automáticos e centralizados após a execução do pipeline CI/CD?
( Sendo 1 - Irrelevante e 7 - Indispensável)","Em sua opinião, qual é a maior barreira para a adoção plena do DevSecOps na sua equipe?"
"2026/04/30 5:01:44 PM GMT-3","Sim, compreendo os objetivos e aceito participar desta pesquisa.","Desenvolvimento de Software (Backend, Frontend, Fullstack)","4 a 6 anos","Essencial: São a base principal dos nossos produtos e integrações.","Média: Compreendo os conceitos e utilizo algumas ferramentas, mas a segurança ainda não está totalmente integrada ao ciclo de automação.","5","Não utilizamos testes de segurança automatizados","Raramente","Conhecimento Geral: Conheço o OWASP Top 10 (Web), mas não a versão específica para APIs.","1 - Nunca","1 - Nunca","1 - Nunca","1 - Nunca","1 - Nunca","1 - Nunca","Complexidade de Integração: Dificuldade técnica para integrar ferramentas de segurança (SAST/DAST/SCA) ao pipeline de CI/CD atual.;Déficit de Skill: Falta de conhecimento técnico ou expertise da equipe em segurança de APIs (AppSec).;Impacto na Performance: Lentidão excessiva dos testes de segurança, gerando atrasos (delay) indesejados no fluxo de entrega.","6",""
"2026/04/30 5:01:58 PM GMT-3","Sim, compreendo os objetivos e aceito participar desta pesquisa.","Outra (Especifique)","Mais de 10 anos","Não se aplica: Não atuo diretamente com desenvolvimento ou manutenção de software.","","","","","","","","","","","","","",""
"2026/04/30 5:03:17 PM GMT-3","Sim, compreendo os objetivos e aceito participar desta pesquisa.","Desenvolvimento de Software (Backend, Frontend, Fullstack)","1 a 3 anos","Essencial: São a base principal dos nossos produtos e integrações.","Média: Compreendo os conceitos e utilizo algumas ferramentas, mas a segurança ainda não está totalmente integrada ao ciclo de automação.","4","Testes de Contrato/Integração com foco em Segurança: Scripts customizados para validar lógica de negócio.","Raramente","Não estou familiarizado com o projeto","1 - Nunca","3 - Ocasionalmente","2 - Raramente","3 - Ocasionalmente","1 - Nunca","1 - Nunca","Definição de Processos: Falta de uma metodologia clara (como o OWASP API Top 10) para guiar o que deve ser testado.;Impacto na Performance: Lentidão excessiva dos testes de segurança, gerando atrasos (delay) indesejados no fluxo de entrega.;Ruído e Manutenção: Volume elevado de falsos-positivos e necessidade constante de tunning das ferramentas.","7",""
"2026/04/30 5:03:41 PM GMT-3","Sim, compreendo os objetivos e aceito participar desta pesquisa.","Desenvolvimento de Software (Backend, Frontend, Fullstack)","4 a 6 anos","Essencial: São a base principal dos nossos produtos e integrações.","Baixa: Conheço o conceito teoricamente, mas não aplico práticas de segurança automatizada no meu fluxo de trabalho.","6","SAST (Static Application Security Testing): Varredura de segurança diretamente no código-fonte ou binários antes da execução.;DAST (Dynamic Application Security Testing): Testes de ""caixa-preta"" que simulam ataques em tempo de execução.;SCA (Software Composition Analysis): Identificação de vulnerabilidades em dependências, frameworks e bibliotecas de terceiros.;API Fuzzing / Schema Validation: Testes que enviam dados inválidos ou inesperados para os endpoints para testar a resiliência da API.","Nunca","Não estou familiarizado com o projeto","1 - Nunca","2 - Raramente","5 - Constantemente","5 - Constantemente","1 - Nunca","1 - Nunca","Não há desafios: Já possuímos uma arquitetura DevSecOps madura e implementada com sucesso.","7",""
"2026/04/30 5:17:25 PM GMT-3","Sim, compreendo os objetivos e aceito participar desta pesquisa.","Gerenciamento de Projetos/Liderança Técnica","Mais de 10 anos","Complementar: Utilizamos APIs RESTful, mas convivem com outras arquiteturas (gRPC, SOAP, Mensageria).","Baixa: Conheço o conceito teoricamente, mas não aplico práticas de segurança automatizada no meu fluxo de trabalho.","3","SAST (Static Application Security Testing): Varredura de segurança diretamente no código-fonte ou binários antes da execução.;DAST (Dynamic Application Security Testing): Testes de ""caixa-preta"" que simulam ataques em tempo de execução.","Raramente","Referência Base: Utilizo como diretriz fundamental para o design e testes de segurança das APIs.","2 - Raramente","2 - Raramente","3 - Ocasionalmente","3 - Ocasionalmente","2 - Raramente","2 - Raramente","Déficit de Skill: Falta de conhecimento técnico ou expertise da equipe em segurança de APIs (AppSec).;Definição de Processos: Falta de uma metodologia clara (como o OWASP API Top 10) para guiar o que deve ser testado.","3",""
"2026/04/30 5:28:19 PM GMT-3","Sim, compreendo os objetivos e aceito participar desta pesquisa.","Desenvolvimento de Software (Backend, Frontend, Fullstack)","4 a 6 anos","Essencial: São a base principal dos nossos produtos e integrações.","Média: Compreendo os conceitos e utilizo algumas ferramentas, mas a segurança ainda não está totalmente integrada ao ciclo de automação.","4","SCA (Software Composition Analysis): Identificação de vulnerabilidades em dependências, frameworks e bibliotecas de terceiros.;Testes de Contrato/Integração com foco em Segurança: Scripts customizados para validar lógica de negócio.","Frequentemente","Não estou familiarizado com o projeto","1 - Nunca","3 - Ocasionalmente","2 - Raramente","2 - Raramente","1 - Nunca","2 - Raramente","Cultura e Priorização: Baixa prioridade estratégica ou falta de apoio da liderança para iniciativas de segurança.;Déficit de Skill: Falta de conhecimento técnico ou expertise da equipe em segurança de APIs (AppSec).;Definição de Processos: Falta de uma metodologia clara (como o OWASP API Top 10) para guiar o que deve ser testado.","5",""
"2026/04/30 5:43:36 PM GMT-3","Sim, compreendo os objetivos e aceito participar desta pesquisa.","Gerenciamento de Projetos/Liderança Técnica","Mais de 10 anos","Essencial: São a base principal dos nossos produtos e integrações.","Média: Compreendo os conceitos e utilizo algumas ferramentas, mas a segurança ainda não está totalmente integrada ao ciclo de automação.","4","SAST (Static Application Security Testing): Varredura de segurança diretamente no código-fonte ou binários antes da execução.;DAST (Dynamic Application Security Testing): Testes de ""caixa-preta"" que simulam ataques em tempo de execução.;SCA (Software Composition Analysis): Identificação de vulnerabilidades em dependências, frameworks e bibliotecas de terceiros.","Frequentemente","Conhecimento Prático: Conheço as vulnerabilidades e tento mitigá-las, mas não sigo a metodologia de forma rigorosa.","2 - Raramente","2 - Raramente","2 - Raramente","2 - Raramente","2 - Raramente","2 - Raramente","Complexidade de Integração: Dificuldade técnica para integrar ferramentas de segurança (SAST/DAST/SCA) ao pipeline de CI/CD atual.;Déficit de Skill: Falta de conhecimento técnico ou expertise da equipe em segurança de APIs (AppSec).;Definição de Processos: Falta de uma metodologia clara (como o OWASP API Top 10) para guiar o que deve ser testado.","5",""
"2026/05/01 10:28:05 AM GMT-3","Sim, compreendo os objetivos e aceito participar desta pesquisa.","Gerenciamento de Projetos/Liderança Técnica","4 a 6 anos","Complementar: Utilizamos APIs RESTful, mas convivem com outras arquiteturas (gRPC, SOAP, Mensageria).","Baixa: Conheço o conceito teoricamente, mas não aplico práticas de segurança automatizada no meu fluxo de trabalho.","1","Testes de Contrato/Integração com foco em Segurança: Scripts customizados para validar lógica de negócio.","Raramente","Não estou familiarizado com o projeto","1 - Nunca","5 - Constantemente","3 - Ocasionalmente","2 - Raramente","1 - Nunca","2 - Raramente","Déficit de Skill: Falta de conhecimento técnico ou expertise da equipe em segurança de APIs (AppSec).;Impacto na Performance: Lentidão excessiva dos testes de segurança, gerando atrasos (delay) indesejados no fluxo de entrega.","3","Falta de braço para estudo estruturado do processo interno."
"2026/05/01 1:08:50 PM GMT-3","Sim, compreendo os objetivos e aceito participar desta pesquisa.","Desenvolvimento de Software (Backend, Frontend, Fullstack)","Mais de 10 anos","Complementar: Utilizamos APIs RESTful, mas convivem com outras arquiteturas (gRPC, SOAP, Mensageria).","Alta: Implemento e gerencio ferramentas de segurança automatizadas em pipelines de forma contínua.","5","SAST (Static Application Security Testing): Varredura de segurança diretamente no código-fonte ou binários antes da execução.;SCA (Software Composition Analysis): Identificação de vulnerabilidades em dependências, frameworks e bibliotecas de terceiros.","Sempre","Conhecimento Geral: Conheço o OWASP Top 10 (Web), mas não a versão específica para APIs.","2 - Raramente","2 - Raramente","2 - Raramente","4 - Frequentemente","2 - Raramente","2 - Raramente","Complexidade de Integração: Dificuldade técnica para integrar ferramentas de segurança (SAST/DAST/SCA) ao pipeline de CI/CD atual.;Impacto na Performance: Lentidão excessiva dos testes de segurança, gerando atrasos (delay) indesejados no fluxo de entrega.;Ruído e Manutenção: Volume elevado de falsos-positivos e necessidade constante de tunning das ferramentas.","7",""
"2026/05/06 12:10:49 AM GMT-3","Sim, compreendo os objetivos e aceito participar desta pesquisa.","Arquitetura de Software","Mais de 10 anos","Complementar: Utilizamos APIs RESTful, mas convivem com outras arquiteturas (gRPC, SOAP, Mensageria).","Alta: Implemento e gerencio ferramentas de segurança automatizadas em pipelines de forma contínua.","4","SAST (Static Application Security Testing): Varredura de segurança diretamente no código-fonte ou binários antes da execução.;SCA (Software Composition Analysis): Identificação de vulnerabilidades em dependências, frameworks e bibliotecas de terceiros.","Sempre","Conhecimento Teórico: Conheço a lista, mas ela não influencia diretamente meu fluxo de trabalho atual.","2 - Raramente","2 - Raramente","4 - Frequentemente","4 - Frequentemente","2 - Raramente","1 - Nunca","Definição de Processos: Falta de uma metodologia clara (como o OWASP API Top 10) para guiar o que deve ser testado.;Impacto na Performance: Lentidão excessiva dos testes de segurança, gerando atrasos (delay) indesejados no fluxo de entrega.;Déficit de Skill: Falta de conhecimento técnico ou expertise da equipe em segurança de APIs (AppSec).","7","Equalização de conhecimentos das práticas "
"2026/05/15 10:22:54 PM GMT-3","Sim, compreendo os objetivos e aceito participar desta pesquisa.","Desenvolvimento de Software (Backend, Frontend, Fullstack)","4 a 6 anos","Essencial: São a base principal dos nossos produtos e integrações.","Alta: Implemento e gerencio ferramentas de segurança automatizadas em pipelines de forma contínua.","5","SAST (Static Application Security Testing): Varredura de segurança diretamente no código-fonte ou binários antes da execução.;DAST (Dynamic Application Security Testing): Testes de ""caixa-preta"" que simulam ataques em tempo de execução.","Sempre","Conhecimento Prático: Conheço as vulnerabilidades e tento mitigá-las, mas não sigo a metodologia de forma rigorosa.","1 - Nunca","1 - Nunca","1 - Nunca","1 - Nunca","1 - Nunca","2 - Raramente","Ruído e Manutenção: Volume elevado de falsos-positivos e necessidade constante de tunning das ferramentas.;Déficit de Skill: Falta de conhecimento técnico ou expertise da equipe em segurança de APIs (AppSec).","7","Tempo hábil de estudo das ferramentas, naquilo que nos falta"
"2026/05/26 10:40:45 PM GMT-3","Sim, compreendo os objetivos e aceito participar desta pesquisa.","Gerenciamento de Projetos/Liderança Técnica","Mais de 10 anos","Complementar: Utilizamos APIs RESTful, mas convivem com outras arquiteturas (gRPC, SOAP, Mensageria).","Média: Compreendo os conceitos e utilizo algumas ferramentas, mas a segurança ainda não está totalmente integrada ao ciclo de automação.","5","SAST (Static Application Security Testing): Varredura de segurança diretamente no código-fonte ou binários antes da execução.;DAST (Dynamic Application Security Testing): Testes de ""caixa-preta"" que simulam ataques em tempo de execução.;SCA (Software Composition Analysis): Identificação de vulnerabilidades em dependências, frameworks e bibliotecas de terceiros.","Frequentemente","Conhecimento Prático: Conheço as vulnerabilidades e tento mitigá-las, mas não sigo a metodologia de forma rigorosa.","3 - Ocasionalmente","3 - Ocasionalmente","3 - Ocasionalmente","3 - Ocasionalmente","3 - Ocasionalmente","3 - Ocasionalmente","Déficit de Skill: Falta de conhecimento técnico ou expertise da equipe em segurança de APIs (AppSec).;Cultura e Priorização: Baixa prioridade estratégica ou falta de apoio da liderança para iniciativas de segurança.;Complexidade de Integração: Dificuldade técnica para integrar ferramentas de segurança (SAST/DAST/SCA) ao pipeline de CI/CD atual.","5",""
"2026/05/27 9:02:24 AM GMT-3","Sim, compreendo os objetivos e aceito participar desta pesquisa.","Desenvolvimento de Software (Backend, Frontend, Fullstack)","4 a 6 anos","Mínimo ou Inexistente: Utilizamos outras arquiteturas predominantemente ou não trabalhamos com APIs.","Baixa: Conheço o conceito teoricamente, mas não aplico práticas de segurança automatizada no meu fluxo de trabalho.","1","Não utilizamos testes de segurança automatizados","Raramente","Não estou familiarizado com o projeto","2 - Raramente","3 - Ocasionalmente","2 - Raramente","2 - Raramente","1 - Nunca","2 - Raramente","Déficit de Skill: Falta de conhecimento técnico ou expertise da equipe em segurança de APIs (AppSec).;Definição de Processos: Falta de uma metodologia clara (como o OWASP API Top 10) para guiar o que deve ser testado.;Cultura e Priorização: Baixa prioridade estratégica ou falta de apoio da liderança para iniciativas de segurança.","7","Falta de conscientização dos gestores e priorização por entrega rápida para venda rápida."
"2026/05/27 9:15:07 AM GMT-3","Sim, compreendo os objetivos e aceito participar desta pesquisa.","Arquitetura de Software","Mais de 10 anos","Complementar: Utilizamos APIs RESTful, mas convivem com outras arquiteturas (gRPC, SOAP, Mensageria).","Média: Compreendo os conceitos e utilizo algumas ferramentas, mas a segurança ainda não está totalmente integrada ao ciclo de automação.","6","SAST (Static Application Security Testing): Varredura de segurança diretamente no código-fonte ou binários antes da execução.;SCA (Software Composition Analysis): Identificação de vulnerabilidades em dependências, frameworks e bibliotecas de terceiros.;Testes de Contrato/Integração com foco em Segurança: Scripts customizados para validar lógica de negócio.","Sempre","Conhecimento Geral: Conheço o OWASP Top 10 (Web), mas não a versão específica para APIs.","1 - Nunca","1 - Nunca","3 - Ocasionalmente","3 - Ocasionalmente","1 - Nunca","1 - Nunca","Impacto na Performance: Lentidão excessiva dos testes de segurança, gerando atrasos (delay) indesejados no fluxo de entrega.;Custo e Ferramental: Alto custo de licenciamento de ferramentas comerciais ou falta de ferramentas open-source adequadas.","7","Já temos uma adoção satisfatória, mas diria que é ser dada a devida importância ao assunto, ser palpável ou visual o ganho que vem com a adoção, para permitir priorização do tema e justificar investimentos "
"2026/05/27 11:35:01 AM GMT-3","Sim, compreendo os objetivos e aceito participar desta pesquisa.","Desenvolvimento de Software (Backend, Frontend, Fullstack)","4 a 6 anos","Complementar: Utilizamos APIs RESTful, mas convivem com outras arquiteturas (gRPC, SOAP, Mensageria).","Média: Compreendo os conceitos e utilizo algumas ferramentas, mas a segurança ainda não está totalmente integrada ao ciclo de automação.","2","SAST (Static Application Security Testing): Varredura de segurança diretamente no código-fonte ou binários antes da execução.","Frequentemente","Não estou familiarizado com o projeto","1 - Nunca","2 - Raramente","3 - Ocasionalmente","2 - Raramente","1 - Nunca","3 - Ocasionalmente","Cultura e Priorização: Baixa prioridade estratégica ou falta de apoio da liderança para iniciativas de segurança.;Definição de Processos: Falta de uma metodologia clara (como o OWASP API Top 10) para guiar o que deve ser testado.;Impacto na Performance: Lentidão excessiva dos testes de segurança, gerando atrasos (delay) indesejados no fluxo de entrega.","6",""
"2026/05/27 11:45:13 AM GMT-3","Sim, compreendo os objetivos e aceito participar desta pesquisa.","Outra (Especifique)","1 a 3 anos","Essencial: São a base principal dos nossos produtos e integrações.","Alta: Implemento e gerencio ferramentas de segurança automatizadas em pipelines de forma contínua.","6","Testes de Contrato/Integração com foco em Segurança: Scripts customizados para validar lógica de negócio.","Frequentemente","Conhecimento Teórico: Conheço a lista, mas ela não influencia diretamente meu fluxo de trabalho atual.","1 - Nunca","1 - Nunca","1 - Nunca","1 - Nunca","1 - Nunca","1 - Nunca","Não há desafios: Já possuímos uma arquitetura DevSecOps madura e implementada com sucesso.","6",""
"2026/05/27 5:26:50 PM GMT-3","Sim, compreendo os objetivos e aceito participar desta pesquisa.","Desenvolvimento de Software (Backend, Frontend, Fullstack)","Mais de 10 anos","Essencial: São a base principal dos nossos produtos e integrações.","Alta: Implemento e gerencio ferramentas de segurança automatizadas em pipelines de forma contínua.","7","SAST (Static Application Security Testing): Varredura de segurança diretamente no código-fonte ou binários antes da execução.;DAST (Dynamic Application Security Testing): Testes de ""caixa-preta"" que simulam ataques em tempo de execução.;IAST (Interactive Application Security Testing): Análise hibrida que monitora a execução da aplicação internamente durante os testes.;API Fuzzing / Schema Validation: Testes que enviam dados inválidos ou inesperados para os endpoints para testar a resiliência da API.;Testes de Contrato/Integração com foco em Segurança: Scripts customizados para validar lógica de negócio.","Sempre","Conhecimento Prático: Conheço as vulnerabilidades e tento mitigá-las, mas não sigo a metodologia de forma rigorosa.","1 - Nunca","2 - Raramente","2 - Raramente","1 - Nunca","1 - Nunca","1 - Nunca","Impacto na Performance: Lentidão excessiva dos testes de segurança, gerando atrasos (delay) indesejados no fluxo de entrega.;Déficit de Skill: Falta de conhecimento técnico ou expertise da equipe em segurança de APIs (AppSec).;Cultura e Priorização: Baixa prioridade estratégica ou falta de apoio da liderança para iniciativas de segurança.","7","Atender os prazos impostos pelo negócio. "